name,age,height
Serena Williams,21.661875427800002,175.0
Barbara Rittner,30.083504449,nan
Marie Gaiane Mikaelian,19.227926078,nan
Angelique Widjaja,18.4503764545,nan
Barbara Schett,27.2087611225,176.0
Akiko Morigami,23.3675564682,nan
Clarisa Fernandez,21.7412731006,179.0
Mary Pierce,28.3586584531,178.0
Meghann Shaughnessy,24.1177275838,nan
Svetlana Kuznetsova,17.9110198494,174.0
Ludmila Cervanova,23.611225188200002,nan
Els Callens,32.7638603696,nan
Sandra Kleinova,25.0485968515,nan
Sarah Taylor,21.5496235455,nan
Ai Sugiyama,27.8904859685,163.0
Virginia Ruano Pascual,29.6755646817,169.0
Daniela Hantuchova,20.090349076,181.0
Alina Jidkova,26.349075975399998,nan
Ashley Harkleroad,18.0643394935,nan
Saori Obata,25.0896646133,nan
Magui Serna,24.2354551677,nan
Maria Sharapova,16.1013004791,nan
Anna Smashnova,26.8583162218,nan
Camille Pin,21.749486653,162.0
Emilie Loit,23.961670089000002,nan
Elena Likhovtseva,27.712525667399998,nan
Fabiola Zuluaga,24.3805612594,nan
Tamarine Tanasugarn,26.0041067762,165.0
Lina Krasnoroutskaya,19.0718685832,nan
Jill Craybas,28.892539356599997,160.0
Amelie Mauresmo,23.8904859685,175.0
Virginie Razzano,20.038329910999998,173.0
Justine Henin,20.9828884326,167.0
Patricia Wartusch,24.804928131399997,nan
Jelena Kostanic Tosic,21.8863791923,168.0
Sophie Lefevre,22.250513347,nan
Stephanie Foretz Gacon,22.0616016427,166.0
Eva Birnerova,18.778918548900002,nan
Dally Randriantefy,26.250513347,nan
Alexandra Stevenson,22.4421629021,nan
Patty Schnyder,24.4462696783,168.0
Virginie Pichet,20.3230663929,nan
Stephanie Cohen Aloro,20.1889117043,175.0
Natalia Gussoni,21.7522245038,nan
Tathiana Garbin,25.9028062971,172.0
Christina Wheeler,21.1115674196,nan
Eleni Daniilidou,20.681724845999998,182.0
Nicole Pratt,30.2231348392,nan
Anastasia Myskina,21.880903490799998,174.0
Dinara Safina,17.0787132101,182.0
Petra Mandula,25.3524982888,nan
Marta Marrero,20.3559206023,nan
Flavia Pennetta,21.2457221081,172.0
Amandine Dulon,21.177275838499998,nan
Lisa Raymond,29.7905544148,165.0
Shinobu Asagoe,26.907597535900003,nan
Laura Granville,22.0369609856,175.0
Meilen Tu,25.3524982888,nan
Iva Majoli,25.7850787132,nan
Yoon Jeong Cho,24.1478439425,nan
Cara Black,24.2683093771,167.0
Myriam Casanova,17.9301848049,nan
Chanda Rubin,27.266255989,168.0
Henrieta Nagyova,24.4435318275,nan
Jennifer Capriati,27.1567419576,170.0
Joannette Kruger,29.7248459959,nan
Marion Bartoli,18.6447638604,170.0
Rosana De Los Rios,27.6906228611,170.0
Julia Vakulenko,19.8767967146,183.0
Cristina Torrens Valero,28.7008898015,nan
Francesca Schiavone,22.921286789899998,166.0
Julia Schruff,20.7748117728,nan
Katarina Srebotnik,22.203969883600003,180.0
Amanda Coetzer,31.5920602327,158.0
Silvija Talaja,25.3607118412,nan
Janette Husarova,28.9746748802,nan
Nadia Petrova,20.9637234771,178.0
Monica Seles,29.478439425100003,nan
Maria Sanchez Lorenzo,25.5468856947,nan
Elena Dementieva,21.6098562628,180.0
Maja Matevzic,22.9486652977,nan
Anca Barna,26.031485284099997,nan
Denisa Chladkova,24.2929500342,nan
Anais Laurendon,18.1108829569,nan
Vera Zvonareva,18.71321013,172.0
Martina Muller,20.621492128699998,nan
Silvia Farina Elia,31.077344284699997,nan
Conchita Martinez Granados,27.345653661900002,nan
Zuzana Ondraskova,23.06091718,nan
Bahia Mouhtassine,23.7563312799,nan
Venus Williams,22.9377138946,185.0
Samantha Reeves,24.3531827515,nan
Lindsay Davenport,26.962354551700003,189.0
Wynne Prakusya,22.0807665982,nan
Iroda Tulyaganova,21.3798767967,nan
Antonella Serra Zanetti,22.8336755647,nan
Gala Leon Garcia,29.4209445585,nan
Gisela Dulko,18.3162217659,170.0
Nathalie Dechy,24.257357974,177.0
Libuse Prusova,23.868583162199997,nan
Conchita Martinez,31.107460643400003,170.0
Tatiana Perebiynis,20.4435318275,nan
Emmanuelle Gagliardi,26.8774811773,nan
Tatiana Poutchek,24.375085557800002,nan
Jelena Dokic,20.1204654346,175.0
Angelika Roesch,25.9630390144,nan
Magdalena Maleeva,28.1505817933,168.0
Alicia Molik,22.3244353183,182.0
Eugenia Kulikovskaya,24.427104722800003,nan
Celine Beigbeder,28.246406570799998,nan
Rita Grande,28.1752224504,nan
Ansley Cargill,21.385352498299998,nan
Elena Bovina,20.2108145106,189.0
Tatiana Golovin,15.3319644079,175.0
Paola Suarez,26.921286789899998,170.0
Edina Gallovits Hall,18.4558521561,165.0
Corina Morariu,25.327857631799997,nan
Daja Bedanova,20.2135523614,nan
Marlene Weingartner,23.318275154000002,nan
Lindsay Lee Waters,25.9082819986,nan
Kim Clijsters,19.9644079398,nan
Amy Frazier,30.6803559206,nan
Evie Dominikovic,22.989733059499997,nan
Tina Pisnik,22.2614647502,nan
Barbora Zahlavova Strycova,17.237508555799998,164.0
Aniko Kapros,19.613963039,nan
Martina Sucha,22.587268993800002,nan
Arantxa Parra Santonja,20.6187542779,nan
Julie Pullin,27.630390143699998,nan
Milagros Sequera,22.726899384,nan
Jane Odonoghue,20.2354551677,nan
Elena Baltacha,19.857631759100002,nan
Bea Bielik,22.5653661875,nan
Samantha Stosur,19.230663928800002,172.0
Seda Noorlander,29.0869267625,nan
Janet Lee,26.6666666667,nan
Carly Gullickson,16.5722108145,nan
Anne Keothavong,19.7672826831,175.0
Stanislava Hrozenska,21.2676249144,nan
Maureen Drake,32.257357974,nan
Selima Sfar,25.9575633128,nan
Lucie Ahl,28.917180013699998,nan
Eva Fislova,22.266940451700002,nan
Anastasia Rodionova,21.1143052704,167.0
Karolina Sprem,18.658453114300002,174.0
Maria Elena Camerin,21.2566735113,164.0
Amber Liu,19.1348391513,nan
Vera Dushevina,16.8843258042,180.0
Lubomira Kurhajcova,19.871321013,nan
Maria Kirilenko,16.5804243669,173.0
Theresa Logar,18.4585900068,nan
Melinda Czink,20.8405201916,178.0
Catalina Castano,24.134154688600002,171.0
Adriana Serra Zanetti,27.4715947981,nan
Gabriela Lastra,23.2142368241,nan
Maria Vento Kabchi,29.2539356605,nan
Bethanie Mattek Sands,18.422997946600002,168.0
Shenay Perry,19.1348391513,nan
Maria Emilia Salerni,20.2819986311,nan
Angela Haynes,18.9075975359,nan
Yuliya Beygelzimer,19.8466803559,174.0
Stephanie Gehrlein,21.3744010951,nan
Mara Santangelo,22.157426420300002,181.0
Claudine Schaul,20.0136892539,nan
Tian Tian Sun,21.8672142368,nan
Marissa Gould,22.5571526352,nan
Iveta Benesova,19.947980835,170.0
Eva Dyrberg,22.904859685100003,nan
Nuria Llagostera Vives,22.6611909651,156.0
Mariana Diaz Oliva,26.841889116999997,nan
Klara Koukalova,20.8843258042,166.0
Jelena Jankovic,17.8726899384,177.0
Casey Dellacqua,17.9192334018,nan
Barbara Schwartz,23.961670089000002,nan
Adriana Szili,18.0177960301,nan
Asa Svensson,27.578370978800002,nan
Anna Kournikova,21.601642710500002,173.0
Tatiana Panova,26.417522245,nan
Anne Kremer,27.241615332,nan
Vanessa Webb,26.970568104,nan
Greta Arn,23.753593429200002,nan
Mashona Washington,26.6201232033,nan
Rachel Mcquillan,31.1156741958,nan
Anabel Medina Garrigues,20.4544832307,169.0
Lilia Osterloh,25.210130047899998,nan
Alena Nesticka,27.794661191,nan
Chanelle Scheepers,18.7980835044,nan
Tzipi Obziler,29.697467488,nan
Renata Voracova,19.2334017796,nan
Shelley Bryce,24.421629021199998,nan
Leanne Baker,21.9739904175,nan
Olga Barabanschikova,23.1786447639,nan
Tiffany Welford,17.735797399000003,nan
Cindy Watson,24.7885010267,nan
Zsofia Gubacsi,21.7522245038,nan
Kelly Liggan,23.9178644764,nan
Amanda Grahame,23.786447638600002,nan
Bryanne Stewart,23.077344284699997,nan
Ruxandra Dragomir Ilie,30.431211499,nan
Rita Kuti Kis,25.125256673499997,nan
Maret Ani,21.1800136893,176.0
Frederica Piedade,20.8377823409,nan
Elena Tatarkova,26.6228610541,nan
Ivana Lisjak,16.1724845996,nan
Tara Snyder,26.0369609856,nan
Roberta Vinci,20.3039014374,163.0
Yuka Yoshida,27.1868583162,nan
Mi Ra Jeon,24.9719370294,nan
Andreea Ehritt Vanc,29.327857631799997,nan
Katalin Marosi,23.227926078000003,nan
Sania Mirza,16.219028063,153.0
Jie Zheng,19.5838466804,164.0
Manisha Malhotra,26.373716632399997,nan
Vanessa Henke,22.069815195100002,nan
Elke Clijsters,18.0616016427,174.0
Kirsten Flipkens,17.0841889117,165.0
Sandra Cacic,28.4380561259,nan
Marie Eve Pelletier,20.7529089665,nan
Bianka Lamade,20.4681724846,nan
Maria Goloviznina,23.704312115,nan
Diana Ospina,23.624914442199998,nan
Tanner Cochran,18.540725530499998,nan
Olga Kalyuzhnaya,20.1642710472,nan
Paula Garcia,23.9178644764,nan
Ana Lucia Migliarini De Leon,19.1731690623,nan
Lourdes Dominguez Lino,21.883641341500002,163.0
Melanie Marois,18.9404517454,nan
Kateryna Bondarenko,16.5284052019,175.0
Ivana Abramovic,19.4579055441,nan
Alona Bondarenko,18.5133470226,168.0
Jana Kandarr,26.4065708419,nan
Romy Farah,18.116358658499998,nan
Mirjana Lucic,20.9637234771,nan
Melissa Torres Sandoval,19.0581793292,nan
Shuai Peng,17.1471594798,173.0
Jessica Kirkland,15.310061601600001,nan
Allison Baker,16.933607118399998,nan
Jamea Jackson,16.5229295003,nan
Jennifer Hopkins,22.1327857632,nan
Shadisha Robinson,17.735797399000003,nan
Jarmila Gajdosova,15.9671457906,174.0
Lubomira Bacheva,28.104038329899996,nan
Petra Dizdar,18.8254620123,nan
Anna Lena Groenefeld,17.897330595499998,180.0
Olga Vymetalkova,27.258042436700002,nan
Darija Jurak,19.06091718,nan
Joanna Sakowicz Kostecka,18.9897330595,nan
Marta Domachowska,17.2785763176,176.0
Kristie Boogert,29.3826146475,nan
Angelika Bachmann,23.9698836413,nan
Virag Nemeth,17.9137577002,nan
Evelyn Fauth,26.5297741273,nan
Sybille Bammer,23.1156741958,174.0
Michaella Krajicek,14.431211499000002,177.0
Amanda Keen,25.415468856900002,nan
Zi Yan,18.6475017112,171.0
Yuliana Fedak,20.0793976728,166.0
Teryn Ashley,24.605065024,nan
Leslie Koffi,16.1752224504,nan
Viktoria Kutuzova,14.9568788501,170.0
Emma Laine,17.357973990399998,nan
Sofia Arvidsson,19.4633812457,176.0
Jana Hlavackova,22.2012320329,nan
Beier Ko,17.067761807,nan
Abigail Spears,22.2149212868,nan
Ting Li,23.7316906229,nan
Rika Fujiwara,22.0260095825,nan
Jin Hee Kim,22.291581108800003,nan
Maika Ozaki,18.9267624914,nan
Miho Saeki,27.5318275154,nan
Akgul Amanmuradova,19.285420944600002,nan
Lioudmila Skavronskaia,23.537303216999998,nan
Adriana Barna,25.3771389459,nan
Ivanna Israilova,17.6673511294,nan
Seiko Okamoto,25.563312799499997,nan
Sonya Jeyaseelan,27.488021902800003,nan
Kristina Brandi,26.5790554415,168.0
Ilke Gers,22.0205338809,nan
Pichittra Thongdach,16.5557837098,nan
Lydia Steinbach,23.2607802875,nan
Ryoko Fuda,17.0239561944,nan
Tina Schiechtl,19.8001368925,nan
Elise Tamaela,19.780971937,nan
Severine Beltrame,24.221765913800002,171.0
Sandra Klemenschits,20.9719370294,nan
Napaporn Tongsalee,24.0355920602,nan
Maki Arai,20.8624229979,nan
Lisa Mcshea,28.342231348400002,nan
Andrea Van Den Hurk,23.685147159499998,nan
Ryoko Takemura,26.7488021903,nan
Kokoro Takehara,18.3572895277,nan
Chin Wei Chan,18.146475017100002,nan
Celine Francois,20.5557837098,nan
Dubravka Cupac,17.0924024641,nan
Chia Jung Chuang,18.1409993155,nan
Sarah Borwell,23.5345653662,nan
I Ting Wang,21.2785763176,nan
Carolyn Mcgann,20.7638603696,nan
Asha Burns,20.167008898,nan
Beti Sekulovski,19.794661191,nan
Darya Ivanov,17.8206707734,nan
Nicole Sewell,22.157426420300002,nan
Bree Calderwood,22.8336755647,nan
Kristen Van Elden,21.453798768,nan
Surina De Beer,24.6789869952,nan
Lara Picone,16.5831622177,nan
Antonia Matic,18.1683778234,nan
Deanna Roberts,21.590691307300002,nan
Lauren Breadmore,19.753593429200002,nan
Arpi Kojian,19.7234770705,nan
Madita Suer,21.916495551,nan
Gabrielle Baker,18.6283367556,nan
Monique Adamczak,20.1122518823,nan
Christine Alford,19.542778918499998,nan
Kelly Blanch,23.0116358658,nan
Cassandra Barr,20.369609856300002,nan
Nadia Johnston,25.357973990399998,nan
Chattida Thimjapo,20.4079397673,nan
Rushmi Chakravarthi,25.3963039014,nan
Lauren Cheung,18.8911704312,nan
Giselle Swart,25.541409993200002,nan
Lara Giltinan,17.0759753593,nan
Maria Fernanda Alves,19.8767967146,nan
Chantal Coombs,21.6673511294,nan
Veronica Spiegel,19.378507871300002,nan
Erika Clarke Magana,21.535934291599997,nan
Daniela Munoz Gallegos,19.0882956879,nan
Alejandra Obregon,17.0869267625,nan
Carla Tiene,21.7987679671,nan
Jacqueline Frohlich,19.6632443532,nan
Liana Gabriela Ungur,18.162902121800002,nan
Gabriela Duch,18.0232717317,nan
Stephanie Schaer,23.310061601599998,nan
Melissa Berry,19.6769336071,nan
Melody Falco,27.624914442199998,nan
Sabrina Eisenberg,19.2169746749,nan
Micaela Moran,17.9356605065,nan
Christina Zachariadou,28.511978097199997,nan
Ipek Senoglu,23.7344284736,nan
Melisa Arevalo,23.1321013005,nan
Karin Palme,25.180013689299997,nan
Helen Crook,31.282683093800003,nan
Leticia Sobral,22.2368240931,nan
Kildine Chevalier,22.672142368200003,nan
Kaysie Smashey,22.8911704312,nan
Caroline Ann Basu,19.6167008898,nan
Marcela Evangelista,21.0431211499,nan
Nicole Melch,24.8432580424,nan
Ana Cecilia Trevino,19.2689938398,nan
Erica Biro,23.0308008214,nan
Karen Paterson,20.7912388775,nan
Joana Cortez,24.139630390100002,nan
Anastasia Dvornikova,20.7556468172,nan
Marcela Arroyo Vergara,18.2176591376,nan
Maria Vanina Garcia Sokol,19.1813826146,nan
Andrea Koch Benvenuto,17.8507871321,nan
Amanda Jasso,17.0869267625,nan
Brenda Coassolo,19.3374401095,nan
Maria Jose Argeri,18.6283367556,nan
Celeste Contin,25.037645448299997,nan
Michelle Summerside,24.832306639299997,nan
Nicole Leimbach,17.2703627652,nan
Lyndsay Reilly,24.0328542094,nan
Hanna Nooni,19.1156741958,nan
Natalia Garbellotto,19.2169746749,nan
Nadejda Ostrovskaya,22.4750171116,nan
Mandy Minella,17.4099931554,nan
Kaia Kanepi,17.8617385352,181.0
Margit Ruutel,19.627652293,nan
Tsvetana Pironkova,15.6030116359,180.0
Nana Urotadze,16.8377823409,nan
Margalita Chakhnashvili,20.3641341547,nan
Katarina Misic,27.2060232717,nan
Tinatin Kavlashvili,16.1943874059,nan
Desislava Topalova,24.8678986995,nan
Dragana Zaric,25.7193702943,nan
Magda Mihalache,21.7905544148,nan
Mette Iversen,23.2991101985,nan
Karina Ildor Jacobsgaard,23.3018480493,nan
Amanda Hopmans,27.189596166999998,nan
Miriam Oremans,30.611909650900003,nan
Yvonne Doyle,28.369609856300002,nan
Elsa Oriain,20.5831622177,nan
Da Jung Hong,17.210130047899998,nan
Young Ja Choi,27.893223819299998,nan
Eden Marama,17.18275154,nan
Si Nga Lee,17.363449692,nan
Po Kuen Lam,21.0020533881,nan
Jin Young Choi,23.657768651599998,nan
Mi Ok Kim,24.553045859,nan
Kristin Godridge,30.1984941821,nan
Su Wei Hsieh,17.2922655715,169.0
Suchanun Viratprasert,20.3011635866,nan
Chen Yee Liaw,17.193702943199998,nan
Chin Bee Khoo,25.9630390144,nan
Marina Spakova,16.6351813826,nan
Karina Jarlkaganova,18.3655030801,nan
Norzafira Taufik,16.295687885,nan
Francesca La&#39;O,26.954140999299998,nan
Czarina Mae Arevalo,17.9356605065,nan
Gurianna Korinihona,18.4585900068,nan
Maylani Ah Hoy,27.572895277199997,nan
Yulia Klimchenko,19.8275154004,nan
Kunykei Koichumananova,14.5735797399,nan
Jana Nejedly,28.8651608487,nan
Jessica Sweeting,14.71321013,nan
Nikkita Fountain,19.0746064339,nan
Estefania Craciun,16.3011635866,nan
Jessica Fernandez,23.7563312799,nan
Bruna Colosio,22.5188227242,nan
Amanda Melgarejo,16.0602327173,nan
Maria Angela Ferreira,18.3107460643,nan
Marcela Ivon Rodezno Hernandez,18.2806297057,nan
Liz Cruz,17.749486652999998,nan
Elsa Serrano Eduards,17.1553730322,nan
Yanet Nunez Mojarena,21.8015058179,nan
Sarah Tami Masi,18.8473648186,nan
Yamile Fors Guerra,25.943874058899997,nan
Paola Iovino,17.0732375086,nan
Natalia Baez,15.9917864476,nan
Avel Romaly Coronado,17.8179329227,nan
Vanessa Masalles,16.8624229979,nan
Vilmarie Castellvi,22.1026694045,nan
Maria Teresa Salame,15.583846680399999,nan
Estefania Balda Alvarez,15.8083504449,nan
Julia Roca Valverde,19.2005475702,nan
Karla Golfin,32.1998631075,nan
Andrea Brenes,16.7665982204,nan
Valentina Castro,21.7796030116,nan
Megan Moulton Levy,18.1300479124,nan
Alanna Broderick,22.6913073238,nan
Maria Fernanda Alvarez Teran,14.1409993155,nan
Monica Poveda,24.2929500342,nan
Sasha Fisher,16.205338809,nan
Zarah De Silva,19.0143737166,nan
Danielle Cosgrove,16.457221081500002,nan
Lisa Fung Kee Fung,18.0479123888,nan
Ashley Brooks,14.926762491400002,nan
Kadija Richards,23.2607802875,nan
Maria Irene Squillaci Sandoval,15.570157426400002,nan
Ana Catarina Nogueira,24.602327173200003,nan
Pemra Ozgen,16.9719370294,nan
Karoline Borgersen,26.822724161500002,nan
Ina Sartz,21.607118412,nan
Nikoleta Kipritidou,17.6317590691,nan
Irina Kuzmina,17.2785763176,nan
Linda Svarena,17.281314168399998,nan
Samia Medjahdi,18.305270362799998,nan
Sihem Ben Youcef,23.3921971253,nan
Ilona Giberte,18.4366872005,nan
Sana Ben Salah,19.362080766600002,nan
Heidi El Tabakh,16.5886379192,nan
Dijana Stojic,14.781656399700001,nan
Mervana Jugic Salkic,22.954140999299998,nan
Yomna Farid,19.832991102,nan
Tapiwa Marobela,15.9945242984,nan
Lesedi Ramocha,22.4120465435,nan
Essi Laine,18.7515400411,nan
Adriana Basaric,21.1909650924,nan
Noha Mohsen,18.5900068446,nan
Amani Khalifa,18.8829568789,nan
Kelesitse Makgale,28.251882272399996,nan
Carina Bjornstrom,17.5934291581,nan
Lina Stanciute,17.2183436003,nan
Habiba Ifrakh,25.152635181399997,nan
Edita Liachoviciute,27.055441478400002,nan
Lisa Camenzuli,26.2806297057,nan
Sarah Wetz,22.7953456537,nan
Egle Petrauskaite,17.9356605065,nan
Stephanie Pace,16.6789869952,nan
Natalie Grandin,22.373716632399997,nan
Olivia Lukaszewicz,15.3429158111,nan
Trudi Musgrave,26.3572895277,nan
Sophie Ferguson,17.837097878199998,nan
Sandrine Testud,32.1396303901,nan
Zuzana Kucova,21.9110198494,nan
Sanda Mamic,19.1731690623,nan
Kelly Mccain,21.1854893908,nan
Kveta Peschke,28.8761122519,165.0
Martina Navratilova,47.597535934300005,173.0
Nicole Vaidisova,15.353867214200001,181.0
Sesil Karatantcheva,15.06091718,171.0
Anna Chakvetadze,17.489390828199998,170.0
Nan Nan Liu,21.1991786448,nan
Evgenia Linetskaya,17.749486652999998,nan
Shikha Uberoi,21.4045174538,nan
Galina Voskoboeva,19.066392881600002,183.0
Neha Uberoi,18.0260095825,nan
Shahar Peer,16.7967145791,170.0
Isha Lakhani,18.8008213552,nan
Galina Fokina,20.082135523599998,nan
Ankita Bhambri,17.3032169747,nan
Megan Falcon,18.598220397000002,nan
Lana Popadic,20.8350444901,nan
Alisa Kleybanova,14.647501711199999,181.0
Michaela Pastikova,24.0246406571,nan
Kyra Nagy,26.266940451700002,nan
Neuza Silva,20.9418206708,nan
Dominika Nociarova,20.0355920602,nan
Andreja Klepac,18.12183436,nan
Yvonne Meusburger,20.5639972621,nan
Kristen Schlukebir,19.8275154004,nan
Lenka Nemeckova,28.016427104699996,nan
Timea Bacsinszky,14.940451745399999,nan
Ana Ivanovic,16.5284052019,183.0
Katie Obrien,18.1382614648,nan
Emily Webley Smith,19.9370294319,nan
Delia Sescioreanu,18.3436002738,nan
Anastasia Yakimova,17.7138945927,165.0
Giulia Casoni,26.250513347,nan
Aleksandra Wozniak,16.9034907598,175.0
Magdalena Kiszczynska,16.3203285421,nan
Alice Canepa,26.2778918549,nan
Klaudia Jans Ignacik,19.874058863800002,nan
Elizabeth Kobak,16.221765913800002,nan
Ayu Fani Damayanti,15.789185489400001,nan
Aiko Nakamura,20.7118412047,163.0
Na Li,22.5653661875,172.0
Sunitha Rao,18.918548939100003,nan
So Jung Kim,18.5297741273,nan
Katerina Bohmova,46.68035592060001,nan
Capucine Rousseau,24.4353182752,nan
Caroline Maes,21.883641341500002,nan
Nina Bratchikova,19.2498288843,nan
Yulia Fedossova,16.2600958248,nan
Ekaterina Bychkova,19.3511293634,171.0
Olga Savchuk,17.0595482546,175.0
Elena Vesnina,18.2532511978,176.0
Stephanie Dubois,18.0041067762,nan
Melanie Gloria,17.3716632444,nan
Daniela Kix,20.0301163587,nan
Anouska Van Exel,29.5112936345,nan
Nicole Rencken,22.8528405202,nan
Tatsiana Uvarova,18.735112936300002,nan
Maria Rasmussen,25.6646132786,nan
Karolina Kosinska,17.839835729,nan
Anna Gerasimou,16.5119780972,nan
Asimina Kaplani,20.4791238877,nan
Marina Erakovic,16.1204654346,174.0
Wei Juan Liu,21.138945927400002,nan
Jie Hao,19.5071868583,nan
Shu Jing Yang,19.537303217,nan
Alyssa Ann Labay,17.8316221766,nan
Anna Patricia Santos,24.2847364819,nan
Sandy Gumulya,18.0479123888,nan
I Hsuan Hwang,15.575633128,nan
Kyung Mi Chang,22.146475017100002,nan
Vlada Ekshibarova,15.099247090999999,nan
Miriam Cruz,18.746064339500002,nan
Andrea Giraldo,16.2491444216,nan
Karen Castiblanco,16.2765229295,nan
Maria Calbeto,16.9965776865,nan
Bianca Gorbea,17.3360711841,nan
Larissa Carvalho,19.112936345,nan
Maria Eugenia Roca Recarey,14.9596167009,nan
Camila Belassi,16.0958247775,nan
Pamela Duran Vinueza,17.169062286099997,nan
Luisa Elfride Lopez,23.1759069131,nan
Lucia Henkle Gomez,19.8548939083,nan
Larissa Schaerer,29.0130047912,nan
Maria Rossana Vega Saguier,17.793292265599998,nan
Monica Hoz De Vila,18.8254620123,nan
Chandra Capozzi,17.065023956199997,nan
Mariana Muci Torres,16.1752224504,nan
Wei Ping Lee,14.4065708419,nan
Hazar Sidki,20.0301163587,nan
Rui Jing Wong,21.993155373,nan
Lara Alsamman,17.0184804928,nan
Ummarahmat Hummetova,18.9295003422,nan
Jenneta Halliyeva,21.2183436003,nan
Irene George,20.4407939767,nan
Yekaterina Morozova,16.2080766598,nan
Pei Ling Tong,14.855578370999998,nan
Amina Rakhim,15.1540041068,nan
Yun Ling Ng,15.3456536619,nan
Nivin Kezbari,19.258042436700002,nan
Madina Rakhim,18.945927447,nan
Almira Hallyeva,18.250513347000002,nan
Veronika Babayan,15.917864476400002,nan
Gabriela Mejia Tenorio,15.162217659100001,nan
Cigdem Duru,17.971252566700002,nan
Sofia Melikishvili,16.9609856263,nan
Aliaa Fakhry,16.295687885,nan
Salome Devidze,18.3134839151,nan
Monica Niculescu,16.5859000684,168.0
Simona Iulia Matei,18.803559206,nan
Karen Saravia,18.8145106092,nan
Darya Kustova,18.102669404500002,nan
Liza Andriyani,25.393566050700002,nan
Liga Dekmeijere,20.933607118399998,nan
Anzela Zguna,30.527036276500002,nan
Ines Zouabi,24.386036961,nan
Meera Kantaria,15.1676933607,nan
Wanjika Ngaruiya,14.9212867899,nan
Evelyn Otula,29.3305954825,nan
Laone Botshoma,16.7802874743,nan
Rosanne Dimech,18.496919917899998,nan
Selma Babic,15.7645448323,nan
Sanja Racic,16.073921971300003,nan
Elna De Villiers,17.8754277892,nan
Alet Boonzaaier,21.2156057495,nan
Elrien De Villiers,15.786447638599999,nan
Gabriela Niculescu,17.8863791923,nan
Selima Frioui,16.7501711157,nan
Caroline Oduor,17.971252566700002,nan
Hana Sromova,26.850102669400002,nan
Mailyne Andrieux,17.4757015743,nan
Sandra Kloesel,25.9192334018,nan
Lucie Safarova,18.2970568104,177.0
Alize Cornet,15.3319644079,173.0
Mathilde Johansson,20.0684462697,173.0
Aravane Rezai,18.1930184805,165.0
Rebecca Llewellyn,19.7070499658,nan
Sabine Klaschka,24.8651608487,nan
Yung Jan Chan,16.0328542094,170.0
Vania King,16.4900752909,165.0
Pauline Parmentier,19.575633128,175.0
Jaslyn Hewitt,21.8617385352,nan
Daniella Jeflea,17.9958932238,nan
Martina Hingis,24.336755646799997,170.0
Shiho Hisamatsu,25.5989048597,nan
Laura Pous Tio,20.372347707,nan
Agnes Szavay,16.128678987,168.0
Maria Jose Lopez Herrera,20.369609856300002,nan
Rosa Maria Andres Rodriguez,27.7344284736,nan
Julie Ditty,26.1327857632,nan
Erica Krauth,23.759069130700002,nan
Andrea Hlavackova,18.746064339500002,174.0
Katarina Kachlikova,19.9534565366,nan
Anna Tatishvili,15.1266255989,171.0
Jewel Peterson,23.5263518138,nan
Alexa Glatch,15.4880219028,nan
Nathalie Vierin,22.5653661875,nan
Cagla Buyukakcay,15.6303901437,nan
Caroline Wozniacki,15.0198494182,177.0
Cory Ann Avants,20.4845995893,nan
Romina Oprandi,19.3045859001,nan
Varvara Lepchenko,19.2169746749,180.0
Alla Kudryavtseva,17.7631759069,nan
Mary Gambale,16.6954140999,nan
Tiffany Dabek,25.4592744695,nan
Tomoko Yonemura,23.2005475702,nan
Victoria Azarenka,16.1368925394,180.0
Junri Namigata,23.2087611225,nan
Ana Vrljic,21.1334702259,nan
Masa Zec Peskiric,18.6611909651,nan
Eva Hrdinova,21.281314168399998,nan
Sheng Nan Sun,18.6803559206,nan
Meng Yuan,19.3839835729,nan
Yan Chong Chen,18.4804928131,nan
Yan Ze Xie,21.708418891199997,nan
Ayumi Morita,15.5646817248,163.0
Evgeniya Rodina,16.6598220397,nan
Olena Antypina,26.5434633812,nan
Mariya Koryttseva,20.3586584531,nan
Ana Timotic,22.7789185489,nan
Tamira Paszek,14.882956878900002,165.0
Yaroslava Shvedova,18.135523614,180.0
Ahsha Rolle,20.6132785763,nan
Stefanie Voegele,15.318275154,170.0
Eveline Vanhyfte,21.081451060899997,nan
Leslie Butkiewicz,22.8966461328,nan
Romana Tedjakusuma,28.733744011,nan
Dominika Cibulkova,16.1615331964,161.0
Magdalena Rybarikova,16.7474332649,180.0
Anja Vanessa Peter,16.5886379192,nan
Denise Dy,15.923340178,nan
Shaza Tinawi,24.213552361399998,nan
Inna Gavrilenko,14.3052703628,nan
Dilyara Saidkhodjaeva,15.2169746749,nan
Maria Penkova,20.8131416838,nan
Anett Kaasik,18.8692676249,nan
Johanna Larsson,16.6680355921,174.0
Brenda Schultz Mccarthy,34.3052703628,nan
Tina Krizan,31.0855578371,nan
Ana Jovanovic,20.3039014374,nan
Shao Fang Ong,14.7241615332,nan
Tatyana Ignatchenko,16.1889117043,nan
Mariya Kovaleva,15.6468172485,nan
Valeria Bondarenko,22.8281998631,nan
Anastasia Michail,19.5838466804,nan
Anna Koumantou,22.373716632399997,nan
Ekaterina Dzehalevich,18.9596167009,nan
Ye Ra Lee,17.5934291581,nan
Hsiao Han Chao,21.1553730322,nan
Yi Chen,18.431211499,nan
Ting Wen Wang,19.6331279945,nan
Paula Marama,21.177275838499998,nan
Yen Hua Lu,21.4976043806,nan
Mariana Duque Marino,15.682409308699999,nan
Francesca Segarelli,14.6173853525,nan
Briggitt Marcovich,15.3456536619,nan
Mariaryeni Gutierrez,15.953456536600001,nan
Celina Grissi,17.472963723499998,nan
Sharon Fichman,14.3737166324,nan
Madelaine Madelaire,19.2908966461,nan
Paola Doldan Gonzalez,18.6119096509,nan
Jenifer Widjaja,18.3627652293,nan
Sousan Massi,15.715263518099999,nan
Barbara Pocza,19.0335386721,nan
Piia Suomalainen,20.7939767283,nan
Aurelija Miseviciute,19.0034223135,nan
Rym Cherni,16.3367556468,nan
Olfa Dhaoui,15.1074606434,nan
Anne Mall,30.373716632399997,nan
Alise Vaidere,17.0130047912,nan
Anastasija Sevastova,15.0335386721,nan
Karoline Steiro,16.1232032854,nan
Idunn Hertzberg,17.1909650924,nan
Nihal Tarek Saleh,17.7303216975,nan
Stephanie Sullivan,16.438056125899998,nan
Assia Halo,21.193702943199998,nan
Sandra Kristjansdottir,14.5133470226,nan
Sigurlaug Sigurdardottir,20.0136892539,nan
Sara Meghoufel,17.1197809719,nan
Puleng Tlhophane,16.8569472964,nan
Rebekka Petursdottir,17.516769336099998,nan
Suzelle Davin,17.1362080767,nan
Ilina Kroushovski,16.889801505799998,nan
Irina Letseva,15.351129363399998,nan
Carlota Plantier Santos,23.3018480493,nan
Magali De Lattre,17.864476386,nan
Svetlana Komleva,31.3593429158,nan
Ina Sireteanu,18.658453114300002,nan
Olga Cosic,32.2819986311,nan
Kathrin Woerle,21.9110198494,nan
Kristina Barrois,24.5831622177,nan
Sabine Lisicki,16.6242299795,178.0
Sara Errani,19.0444900753,164.0
Aurelie Vedy,25.300479123899997,nan
Alberta Brianti,26.146475017100002,nan
Anda Perianu,26.1409993155,nan
Olga Puchkova,18.7077344285,nan
Melanie South,20.1095140315,nan
Vasilisa Bardina,18.6283367556,nan
Naomi Cavaday,17.1718001369,nan
Agnieszka Radwanska,17.3059548255,170.0
Maria Jose Martinez Sanchez,24.005475701599998,176.0
Coco Vandeweghe,14.650239561900001,185.0
Lauren Albanese,16.9062286105,nan
Karin Knapp,19.2443531828,180.0
Anastasia Pavlyuchenkova,15.2689938398,177.0
Shayna Mcdowell,16.7364818617,nan
Valentina Sassi,25.6098562628,nan
Andrea Benitez,19.7837097878,nan
Sanja Ancic,17.6700889802,nan
Urszula Radwanska,15.397672826800001,177.0
Nikola Frankova,18.2477754962,nan
Madalina Gojnea,18.726899384,nan
Raluca Olaru,17.1991786448,173.0
Irina Kotkina,19.6714579055,nan
Marrit Boonstra,17.7303216975,nan
Erika Takao,18.685831622200002,nan
Teodora Mircic,18.3901437372,nan
Lucie Hradecka,21.1745379877,177.0
Sorana Cirstea,16.334017795999998,176.0
Vivien Silfany Tony,17.054072553,nan
Lavinia Tananta,18.855578371,nan
Sanaa Bhambri,18.5325119781,nan
Tadeja Majeric,16.0492813142,nan
Tatjana Malek,19.1321013005,nan
Shuai Zhang,17.6755646817,nan
Jing Ren,19.0280629706,nan
Nudnida Luangnam,19.613963039,nan
Olga Govortsova,18.1081451061,182.0
Olivia Sanchez,23.874058863800002,nan
Tanja Ostertag,19.0937713895,nan
Valerie Tetreault,18.7734428474,nan
Angelique Kerber,18.7816563997,173.0
Andrea Petkovic,19.1403148528,180.0
Melanie Klaffner,16.1341546886,nan
Nikola Hofmanova,15.4305270363,nan
Nicole Riner,15.8439425051,nan
Montinee Tangphong,20.9637234771,nan
Viky Nunez Fuentes,17.5058179329,nan
Mi Yoo,19.9397672827,nan
Elze Potgieter,18.0889801506,nan
Alicia Pillay,26.0643394935,nan
Ia Jikia,16.698151950699998,nan
Veronica Cepede Royg,14.2368240931,nan
Diana Espinal,22.524298425700003,nan
Adriana Pereira,15.923340178,nan
Jacklyn Lambert,17.5523613963,nan
Marcela Rivero,16.2518822724,nan
Daniela Trigo,15.0061601643,nan
Johanna De Leon,25.3223819302,nan
Nicole Arosemena,15.65229295,nan
Katariina Tuohimaa,17.9685147159,nan
Polona Rebersak,19.1841204654,nan
Danica Krstajic,19.1293634497,nan
Lizaan Du Plessis,20.1451060917,nan
Dimana Krastevitch,24.0602327173,nan
Nadja Roma,17.722108145099998,nan
Kairangi Vano,16.438056125899998,nan
Ellen Barry,17.1745379877,nan
Geraldine Leong,14.880219028099999,nan
Sybille Khayat,15.9726214921,nan
Ka Po Tong,25.0841889117,nan
Sarah Makki,15.961670089000002,nan
Wing Yau Venise Chan,16.8815879535,nan
Vanessa Boey,15.715263518099999,nan
Line Jouayed,14.5845311431,nan
Jessica Roland Rosario,23.8767967146,nan
Paula Catalina Robles Garcia,16.7446954141,nan
Caitlin Gordon,15.6194387406,nan
Rachael Dillon,18.3682409309,nan
Nina Munch Soegaard,18.409308692699998,nan
Stanislava Cozirscaia,16.8158795346,nan
Iris Staub,25.574264202600002,nan
Julia Helbet,17.897330595499998,nan
Amel Benhaj,16.4106776181,nan
Magy Aziz,18.3299110198,nan
Sevil Aliyeva,15.088295687899999,nan
Elina Gasanova,16.758384667999998,nan
Marina Novak,14.9021218344,nan
Stephanie Vogt,16.186173853499998,nan
Tshidiso Mosinyi,16.733744011,nan
Sidonia Wolfinger,28.386036961,nan
Ieva Irbe,18.2614647502,nan
Liene Linina,17.6125941136,nan
Jessica Moore,16.3969883641,nan
Madison Brengle,16.785763175899998,nan
Sandra Zahlavova,21.264887063699998,nan
Julia Goerges,18.3162217659,180.0
Petra Martic,16.1615331964,181.0
Michelle Larcher De Brito,14.1327857632,165.0
Katarzyna Piter,16.1998631075,nan
Nika Ozegovic,21.941136208099998,nan
Ekaterina Afinogenova,20.3449691992,nan
Nicole Kriz,23.4360027379,nan
Kristyna Pliskova,15.1266255989,nan
Karolina Pliskova,15.1266255989,184.0
Jorgelina Cravero,25.4182067077,nan
Ekaterina Makarova,19.2197125257,178.0
Audra Cohen,21.3497604381,nan
Petra Cetkovska,22.546201231999998,172.0
Ashley Weinhold,18.1848049281,nan
Raquel Kops Jones,24.5065023956,nan
Arantxa Rus,16.5119780972,180.0
Ksenia Lykina,16.9965776865,nan
Brittany Augustine,15.8603696099,nan
Chieh Yu Hsu,15.5017111567,nan
Ksenia Milevskaya,16.9719370294,nan
Ekaterina Shulaeva,20.205338809,nan
Eva Maria Hoch,22.9596167009,nan
Yi Fan Xu,19.1074606434,nan
Tara Iyer,19.1923340178,nan
Sung Hee Han,16.8624229979,nan
Noppawan Lertcheewakarn,15.8877481177,nan
Sandra Martinovic,28.0492813142,nan
Anna Lapushchenkova,20.8980150582,nan
Polona Hercog,16.6570841889,182.0
Yurika Sema,20.1341546886,nan
Estrella Cabeza Candela,19.9972621492,nan
Lindsey Nelson,21.2922655715,nan
Lucia Batta,16.142368240899998,nan
Emilie Bacquet,23.082819986300002,nan
Nadia Lalami,17.0431211499,nan
Fatima El Allami,18.132785763199998,nan
Asia Muhammed,16.3203285421,nan
Kirsten Flower,18.918548939100003,nan
Iryna Bremond,22.7761806982,nan
Silvia Disderi,24.016427104699996,nan
Ekaterina Ivanova,19.575633128,nan
Michaela Johansson,19.3976728268,nan
Petra Kvitova,17.3935660507,183.0
Kyra Shroff,14.9158110883,nan
Shan Shan Song,20.501026694,nan
Chun Mei Ji,21.607118412,nan
Kristina Antoniychuk,17.054072553,nan
Ksenia Palkina,17.7987679671,nan
Vesna Dolonc,18.1957563313,170.0
Yanina Wickmayer,17.4866529774,182.0
Julia Glushko,17.516769336099998,nan
Debbrich Feys,22.5489390828,nan
Tamaryn Hendler,14.9048596851,nan
Vojislava Lukic,20.273785078699998,nan
Maria Jose Arechavaleta,16.769336071199998,nan
Lorena Aviles,16.2354551677,nan
Claudine Paulson,17.1006160164,nan
Maria Eugenia Torres,17.5441478439,nan
Sofia Barletta,17.6016427105,nan
Marisela Aviles,16.3750855578,nan
Claudia Hidalgo,16.8706365503,nan
Zulema Zelaya,15.0773442847,nan
Maria De Los Angeles Cardenas,16.7994524298,nan
Ana Lilyan Guzman,17.856262833699997,nan
Jessica Lehnhoff,27.0855578371,nan
Raye Ann Sandy,14.710472279300001,nan
Olivia Bennett,16.265571526400002,nan
Kristen Lopez,15.715263518099999,nan
Alyssa Fuentes,14.751540041099998,nan
Carlista Mohammed,16.9856262834,nan
Shenelle Mohammed,16.5311430527,nan
Paulina Schippers,16.038329910999998,nan
Eun Hye Cho,23.8494182067,nan
Ling Zhang,17.4647501711,nan
Nungnadda Wannasuk,17.4264202601,nan
Jin A Lee,22.0999315537,nan
Albina Khabibulina,14.9295003422,nan
Sacha Jones,16.4353182752,nan
Sahar Al Disi,16.5119780972,nan
Leen Irani,19.9425051335,nan
Wen Hsin Hsu,18.8391512663,nan
Dianne Hollands,23.931553730300003,nan
Oksana Kalashnikova,16.610540725499998,nan
Helene Auensen,18.0041067762,nan
Hanne Skak Jensen,20.9637234771,nan
Nicole Thyssen,18.861054072599998,nan
Julija Gotovskyte,19.2361396304,nan
Anett Schutting,15.6440793977,nan
Dia Evtimova,19.961670089000002,nan
Teliana Pereira,18.7378507871,nan
Melisa Miranda Otarola,18.9650924025,nan
Pamela Adom Mendez,15.5017111567,nan
Katherine Hoepelman,17.4099931554,nan
Leyla Esther Cabrera,16.7446954141,nan
Emma Sofia Helisten,17.9301848049,nan
Lynn Philippe,18.3682409309,nan
Karen Barbat,14.7843942505,nan
Shukufa Abdullayeva,14.576317590699999,nan
Astrid Tixier,21.253935660499998,nan
Marinne Giraud,20.9993155373,nan
Sayyara Mammadova,19.258042436700002,nan
Emma Murphy,23.759069130700002,nan
Diana Bukajeva,15.6002737851,nan
Daniela Cociorba,17.221081451099998,nan
Ecaterina Vasenina,14.822724161500002,nan
Elaine Genovese,16.2792607803,nan
Andjela Kankaras,17.2511978097,nan
Marina Kojanova,17.993155373,nan
Kimberley Cassar,14.9596167009,nan
Vanja Radunovic,17.880903490799998,nan
Yi Miao Zhou,16.9911019849,nan
Akiko Yonemura,24.0273785079,nan
Carla Suarez Navarro,19.438740588599998,162.0
Camila Silva,15.282683093800001,nan
Agnes Szatmari,20.681724845999998,nan
Melanie Oudin,16.462696783,168.0
Anastasia Pivovarova,17.733059548299998,nan
Anna Orlik,15.0910335387,nan
Corinna Dentoni,18.7077344285,nan
Arina Rodionova,18.3682409309,nan
Lamia Essaadi,28.569472963699997,nan
Jelena Pandzic,25.1170431211,nan
Violette Huck,20.1889117043,nan
Veronika Chvojkova,21.1362080767,nan
Anna Fitzpatrick,19.1759069131,nan
Amanda Elliott,18.6036960986,nan
Eloisa Maria Compostizo De Andres,19.8357289528,nan
Maite Gabarrus Alonso,19.3483915127,nan
Maria Kondratieva,26.392881588,nan
Alexis King,25.212867898699997,nan
Natasa Zoric,18.6091718001,nan
Palma Kiraly,17.4264202601,nan
Regina Kulikova,19.4715947981,nan
Tereza Hladikova,20.2491444216,nan
Alexandra Panova,19.405886379200002,nan
Sandra Roma,18.3271731691,nan
Amanda Fink,21.6865160849,nan
Kimiko Date Krumm,38.0041067762,163.0
Mallory Cecil,18.0862422998,nan
Julie Coin,25.7303216975,nan
Kristie Ahn,16.1943874059,nan
Gail Brodsky,17.2238193018,nan
Xinyun Han,18.2970568104,nan
Jing Jing Lu,19.3648186174,nan
Lenka Wienerova,20.4161533196,nan
Betina Jozami,19.4442162902,nan
Maria Irigoyen,20.654346338099998,nan
Leticia Costas,18.2176591376,nan
Patricia Mayr Achleitner,21.6810403833,nan
Laura Robson,14.7460643395,180.0
Alisa Ogorodova,14.535249828900001,nan
Sofia Shapatava,19.7125256674,nan
Kinnie Laisne,19.2197125257,nan
Sariya Khairova,21.6344969199,nan
Nigina Abduraimova,14.231348391500001,nan
Maria Mokh,17.9794661191,nan
Rebecca Marino,17.864476386,nan
Renee Reinhard,17.8699520876,nan
Sofia Kvatsabaia,19.5290896646,nan
Ekaterine Gorgodze,16.1533196441,nan
Leticia Demichelli,18.6639288159,nan
Valeria Pulido Velasco,18.072553045899998,nan
Zi Jun Yang,17.9685147159,nan
Ranim Mkahal,16.621492128699998,nan
Line Al Ghannam,18.340862423,nan
Stefanie Tan,15.3648186174,nan
Anastasiya Prenko,14.880219028099999,nan
Valentina Starkova,16.1943874059,nan
Nilupul Goonasekera,16.7638603696,nan
Amreetha Muttiah,16.0438056126,nan
Carolyn Ann Lim Hui,15.7563312799,nan
Jithmie Jayawickrema,16.643394935,nan
Tarryn Rudman,22.6228610541,nan
Kelly Anderson,22.7734428474,nan
Eirini Georgatou,17.9876796715,nan
Elitsa Kostova,17.8015058179,nan
Ima Bohush,17.489390828199998,nan
Monica Puig,14.3353867214,nan
Tatia Mikadze,19.8384668036,nan
Dianne Kenneth Matias,22.984257358,nan
Kim Sadi,14.3216974675,nan
Marina Lidiya,14.5544147844,nan
Yuliana Lizarazo,14.9130732375,nan
Kristina Kucova,17.9137577002,nan
Ulrikke Eikeri,15.3456536619,nan
Trina Slapeka,19.9206023272,nan
Denise Atzinger,16.9472963723,nan
Charlene Tsangamwe,22.1848049281,nan
Emma Flood,17.5222450376,nan
Stacey Lock,16.7665982204,nan
Soumia Islami,32.3312799452,nan
Heini Salonen,14.778918548900002,nan
Stefana Lakicevic,17.4483230664,nan
Olga Terteac,15.0006844627,nan
Anna Movsisyan,19.7672826831,nan
Maria Fagerstrom,17.0485968515,nan
Liudmila Nikoyan,28.722792607800002,nan
Mia Radulovic,16.2683093771,nan
Ofelya Poghosyan,19.378507871300002,nan
Tatevik Yedigaryan,17.325119780999998,nan
Elizabeth Tapia,16.5119780972,nan
Nicole Stanziola,17.9739904175,nan
Yenisleydis Calana Rodriguez,22.9787816564,nan
Maria Paula Deheza,14.1382614648,nan
Gisella Pere,16.6160164271,nan
Marie Elise Casares,14.606433949300001,nan
Melisa Morales,17.3798767967,nan
Marina Giral Lores,17.6290212183,nan
Richele Le Saldo,25.2676249144,nan
Larikah Russell,23.1457905544,nan
Lee Anne Lingo,15.5154004107,nan
Claudia Herbas,28.131416837800003,nan
Monika Wejnert,16.7885010267,nan
Isabella Holland,17.0485968515,nan
Christina Mchale,16.6926762491,170.0
Kristina Mladenovic,15.6851471595,184.0
Olivia Rogowska,17.620807665999997,nan
Sally Peers,17.6180698152,nan
Emelyn Starr,19.170431211500002,nan
Oxana Lyubtsova,23.40862423,nan
Nicha Lertpitaksinchai,17.492128679,nan
Vitalia Diatchenko,18.5242984257,170.0
Ksenia Pervak,17.708418891199997,170.0
Ajla Tomljanovic,15.8384668036,nan
Madison Keys,14.1327857632,178.0
Yevheniia Savranska,25.144421629,nan
Silvia Soler Espinosa,21.3798767967,nan
Maria Teresa Torro Flor,16.9281314168,173.0
Eva Fernandez Brugues,22.9787816564,nan
Maria Joao Koehler,16.569472963699997,nan
Irena Pavlovic,20.6351813826,nan
Jasmin Woehr,28.7392197125,nan
Claire Feuerstein,23.216974674899998,nan
Naomi Broady,19.274469541400002,nan
Lenka Jurikova,18.9021218344,nan
Irina Camelia Begu,18.861054072599998,181.0
Lauren Embree,18.3709787817,nan
Lenka Tvaroskova,27.255304585900003,nan
Alexandra Dulgheru,19.9671457906,nan
Irina Buryachok,23.0034223135,nan
Ellen Allgurin,15.1567419576,nan
Nastja Kolar,15.014373716600002,nan
Carmen Klaschka,22.5297741273,nan
Zarina Diyas,15.7344284736,nan
Hilary Barte,20.6899383984,nan
Kai Chen Chang,18.631074606400002,nan
Amra Sadikovic,20.3586584531,nan
Lesia Tsurenko,20.3121149897,174.0
Sabina Sharipova,15.0472279261,nan
Kurumi Nara,17.7850787132,nan
Paula Fondevila Castro,24.9472963723,nan
Georgie Gent,21.401779602999998,nan
Anna Floris,27.162217659099998,nan
Alexandra Kolesnichenko,16.769336071199998,nan
Yana Buchina,17.697467488,nan
Celina Goetti,17.5058179329,nan
Shadi Tabatabai,28.4134154689,nan
Ghazaleh Torkaman,22.587268993800002,nan
Madona Najarian,19.7453798768,nan
Pauline Wong,23.195071868600003,nan
Michelle Gerards,24.572210814499996,nan
Fabienne Thill,29.826146475,nan
Mai Grage,16.7939767283,nan
Kerrie Cartwright,16.8131416838,nan
Vivian Segnini,20.082135523599998,nan
Roxane Vaisemberg,19.5263518138,nan
Varatchaya Wongteanchai,19.405886379200002,nan
Jessy Rompies,18.806297056800002,nan
Min Hwa Yu,20.8596851472,nan
Zsofia Susanyi,16.9637234771,nan
Aranza Salut,17.7741273101,nan
Mateja Kraljevic,15.6331279945,nan
Cecilia Estlander,17.1471594798,nan
Amy Bowtell,15.5920602327,nan
Yasmine Alkema,18.2614647502,nan
Amira Benaissa,19.3347022587,nan
Fatima Zorah Bouabdallah,18.9815195072,nan
May El Wardany,19.2169746749,nan
Kathinka Von Deichmann,14.9295003422,nan
Eirdis Ragnarsdottir,15.3127994524,nan
Olga Zaicenco,17.459274469500002,nan
Alejandra Granillo,17.8863791923,nan
Alma Michelle Espinosa Rodriguez,15.7070499658,nan
Anabelle Espinosa Rodriguez,26.8528405202,nan
Bianca Botto,17.8726899384,nan
Ingrid Esperanza Vargas Calvo,19.3127994524,nan
Rosaline Zafir Chavez Tello,16.2162902122,nan
Ximena Hermoso,17.9794661191,nan
Claudia Razzeto,18.006844627,nan
Sally Bogaert Morel,30.598220397,nan
Maria Ines Deheza,15.134839151300001,nan
Misleydis Diaz Gonzalez,20.6570841889,nan
Dayna Grazette,19.2470910335,nan
Kirsten Andrea Weedon,20.167008898,nan
Bojana Jovanovski,18.146475017100002,175.0
Sloane Stephens,16.9664613279,170.0
Heather Watson,17.839835729,170.0
Beatriz Garcia Vidagany,21.3798767967,nan
Simona Halep,18.5215605749,168.0
Alison Riske,19.7754962355,nan
Lina Bennani,18.8117727584,nan
Claire De Gubernatis,23.772758384699998,nan
Misaki Doi,19.0691307324,159.0
Michaela Pochabova,20.714579055399998,nan
Timea Babos,17.1526351814,179.0
Silvia Njiric,16.9883641342,nan
Anna Brazhnikova,18.7515400411,nan
Laura Siegemund,22.3353867214,nan
Martina Caregaro,18.146475017100002,nan
Basak Eraydin,16.0958247775,nan
Jamie Hampton,20.5831622177,173.0
Chelsey Gullickson,20.0027378508,nan
Beatrice Capra,18.3983572895,nan
Shelby Rogers,17.87816564,nan
Irina Falconi,20.3230663929,nan
Nadejda Guskova,18.6940451745,nan
Alina Abdurakhimova,15.496235455199999,nan
Sachie Ishizu,18.102669404500002,nan
Daria Gavrilova,16.621492128699998,nan
Yulia Putintseva,15.7782340862,nan
Mona Barthel,20.2710472279,185.0
Paula Zabala,25.054072553,nan
Malou Ejdesgaard,19.389459274500002,nan
Paula Ormaechea,17.3442847365,nan
Lyudmyla Kichenok,17.7467488022,nan
Poojashree Venkatesha,19.518138261500003,nan
Si Ying Julienne Keong,15.178644763900001,nan
Jawairiah Noordin,19.318275154000002,nan
Michelle Pang,21.7303216975,nan
Anna Christine Patrimonio,18.0944558522,nan
Diala Jamaleddine,16.0027378508,nan
Bermet Duvanaeva,22.0123203285,nan
Kett Sadi,15.028062970599999,nan
Ana Clara Duarte,20.643394935,nan
Lumay Diaz Hernandez,23.7371663244,nan
Cecilia Costa Melgar,17.1006160164,nan
Chayenne Ewijk,21.459274469500002,nan
Keren Shlomo,22.0506502396,nan
Biljana Pawlowa Dimitrova,32.0328542094,nan
Reka Luca Jani,18.507871321,nan
Diana Marcinkevica,17.4976043806,nan
Ema Burgic,17.445585215599998,nan
Anita Husaric,15.6002737851,nan
Na Ri Kim,19.8302532512,nan
Neesha Thirumalaichelvam,18.119096509200002,nan
Khee Yen Wee,15.0499657769,nan
Sarah Moundir,17.6783025325,nan
Isaura Enrique Aguilar,17.853524982899998,nan
Simone Pratt,14.283367556500002,nan
Maria Clara Bernardez,18.1574264203,nan
Daysi Espinal,27.901437371700002,nan
Mariana Correa,25.453798768000002,nan
Camila Quesada,19.1019849418,nan
Laura Viquez,23.101984941799998,nan
Domenica Gonzalez,14.182067077300001,nan
Daniela Schippers,15.06091718,nan
Patricia Ku Flores,16.3367556468,nan
Isabella Escobar,17.6837782341,nan
Yeniseik Gomez,22.636550308,nan
Tara Lambert,28.982888432600003,nan
Giuliana Olmos,17.125256673499997,nan
Mariana Demichelli Vergara,20.1368925394,nan
Ola Abou Zekry,22.8309377139,nan
Menna El Nagdy,18.833675564700002,nan
Alexandra Perper,18.7241615332,nan
Julia Moriarty,21.3744010951,nan
Niamh Coveney,20.4407939767,nan
Christi Potgieter,17.5277207392,nan
Chanel Simmonds,17.708418891199997,nan
Ani Amiraghyan,16.5448323066,nan
Maria Moya,23.3045859001,nan
Breana Stampfli,14.3737166324,nan
Paloma Castillo,27.104722792600004,nan
Caroline Garcia,17.253935660499998,nan
Lauren Davis,17.273100616,157.0
Florencia Molinero,22.0971937029,nan
Catherine Harrison,16.8514715948,nan
Fatma Al Nabhani,19.7590691307,nan
Tetiana Luzhanska,26.4832306639,nan
Barbara Luz,17.9082819986,nan
An Sophie Mestach,17.1909650924,nan
Alison Van Uytvanck,17.138945927400002,nan
Shuko Aoyama,23.463381245700003,nan
Sarah Gronert,24.917180013699998,nan
Conny Perrin,20.4462696783,nan
Samantha Murray,23.657768651599998,nan
Julia Boserup,19.7399041752,nan
Johanna Konta,20.054757015699998,nan
Kiki Bertens,19.5071868583,182.0
Camila Giorgi,19.4715947981,168.0
Alize Lim,20.9746748802,nan
Tetyana Arefyeva,20.3203285421,nan
Hilda Melander,19.5893223819,nan
Anna Giulia Remondina,22.0889801506,nan
Aleksandra Krunic,18.302532512,nan
Vanda Lukacs,18.5681040383,nan
Anastasia Grymalska,20.9965776865,nan
Ani Mijacika,24.071184120500003,nan
Silvia Albano,16.8268309377,nan
Nina Khrisanova,16.605065024,nan
Valeria Savinykh,20.4052019165,nan
Kamilla Farhad,15.496235455199999,nan
Valeria Solovieva,18.702258726900002,nan
Petra Rampre,31.509924709099998,nan
Eugenie Bouchard,17.4099931554,nan
Alexandra Mueller,23.4414784394,nan
Zoe Gwen Scandalis,17.8590006845,nan
Victoria Larriere,20.3641341547,nan
Jana Cepelova,18.288843258,168.0
Nicole Rottmann,22.225872689899997,nan
Yi Jing Zhao,22.611909650900003,nan
Saisai Zheng,17.6180698152,nan
Erika Sema,22.8364134155,nan
Yue Yue Hu,21.5578370979,nan
Alexandra Cadantu,21.4565366188,170.0
Lara Arruabarrena,19.0390143737,166.0
Bibiane Schoofs,23.427789185500004,nan
Anett Kontaveit,15.2963723477,nan
Mailen Auroux,22.9596167009,nan
Magda Linette,18.9678302533,nan
Lina Lileikite,18.789869952100002,nan
Hao Chen Tang,16.9418206708,nan
Ashvarya Shrivastava,18.9486652977,nan
Yui Lynn Miao,19.0444900753,nan
Ting Fei Juan,18.4257357974,nan
Hyun Hui Hong,19.0965092402,nan
Emilia Tenizbaeva,15.397672826800001,nan
Zhamilia Duisheeva,15.805612594100001,nan
Anna Clarice Patrimonio,17.18275154,nan
Ushna Suhail,17.5989048597,nan
Sarah Mahboob Khan,19.9753593429,nan
Tamitha Nguyen,16.561259411400002,nan
Alena Panfilova,15.5044490075,nan
Katherine Ip,15.3730321697,nan
Clare Fong,17.7467488022,nan
Amangul Mollayeva,15.06091718,nan
Ho Ching Wu,19.422313483900002,nan
Sarah Al Balushi,14.5900068446,nan
Maliha Al Awaidy,15.0171115674,nan
Montserrat Gonzalez,16.5859000684,nan
Nazari Urbina,21.6372347707,nan
Ran Tian,17.0622861054,nan
Danka Kovinic,16.4517453799,nan
Joana Eidukonyte,16.5804243669,nan
Mayar Sherif,14.9897330595,nan
Caroline Rohde Moe,19.0581793292,nan
Daniela Ciobanu,16.1478439425,nan
Nour Abbes,17.864476386,nan
Ons Jabeur,16.6762491444,nan
Mai El Kamash,16.6406570842,nan
Alina Soltanici,16.229979466099998,nan
Sinead Lohan,16.221765913800002,nan
Jasmina Tinjic,20.1752224504,nan
Jasmina Kajtazovic,20.1779603012,nan
Nune Khachatryan,16.5393566051,nan
Ana Sofia Cordero,15.7754962355,nan
Yolimar Ogando,14.765229295,nan
Monica Matias,14.4777549624,nan
Michelle Marie Valdez,16.1095140315,nan
Carolina De Los Santos,21.021218343599998,nan
Cecilia Mercier,17.1800136893,nan
Alejandra Alvarez,16.810403833,nan
Hilda Zuleta Cabrera,26.6694045175,nan
Ximena Mino,15.704312115,nan
Adriana Perez,18.483230663900002,nan
Andrea Gamiz,18.5379876797,nan
Dania Navarro,22.058863791900002,nan
Ana Maria Zuleta,27.9178644764,nan
Mariella Calderon,16.424366872,nan
Gabriela Gonzalez,22.6009582478,nan
Trevine Sellier,17.779603011600003,nan
Ashleigh Barty,15.7097878166,nan
Bojana Bobusic,24.2902121834,nan
Julia Cohen,22.893908281999998,nan
Ines Ferrer Suarez,21.7029431896,nan
Maria Abramovic,24.5065023956,nan
Nadia Abdala,23.537303216999998,nan
Jessica Pegula,18.0260095825,nan
Garbine Muguruza,18.4449007529,182.0
Annika Beck,18.143737166300003,170.0
Annalisa Bona,29.3990417522,nan
Henrietta Habler,25.8480492813,nan
Csilla Borsanyi,24.744695414099997,nan
Dinah Pfizenmaier,20.372347707,nan
Grace Min,18.0999315537,nan
Tara Moore,19.8466803559,nan
Richel Hogenkamp,20.1533196441,nan
Chi Chi Scholl,19.9342915811,nan
Barbara Haas,16.229979466099998,nan
Sandra Zaniewska,20.476386037,nan
Nicole Gibbs,19.3511293634,nan
Jana Juricova,24.5859000684,nan
Mallory Burdette,21.445585215599998,nan
Valentyna Ivakhnenko,19.0335386721,nan
Carina Witthoeft,17.412731006199998,nan
Varvara Flink,15.6084873374,nan
Qiang Wang,20.5229295003,nan
Elina Svitolina,17.8617385352,174.0
Jennifer Elie,25.853524982899998,nan
Samantha Crawford,17.5222450376,nan
Victoria Duval,16.741957563299998,nan
Nastassja Burnett,20.517453798800002,nan
Donna Vekic,16.202600958199998,nan
Maria Sanchez,22.789869952100002,nan
So Ra Lee,18.1574264203,nan
Ying Ying Duan,23.290896646100002,nan
Luksika Kumkhum,19.1594798084,nan
Belinda Bencic,15.6002737851,nan
Margarita Gasparyan,18.12183436,nan
Laura Thorpe,24.8788501027,nan
Rebecca Peterson,16.9445585216,nan
Ya Hsuan Lee,17.2785763176,nan
Hao Ching Chan,19.110198494200002,nan
Paula Kania,19.9780971937,nan
Hua Chen Lee,19.1238877481,nan
Irina Khromacheva,17.4674880219,nan
Chang Liu,22.264202600999997,nan
Prarthana G Thombare,18.3846680356,nan
Stephanie Bengson,25.7631759069,nan
Rutuja Bhosale,16.610540725499998,nan
Nidhi Chilumula,18.075290896600002,nan
Rishika Sunkara,19.4798083504,nan
Prerna Bhambri,20.1478439425,nan
Aliaksandra Sasnovich,18.0698151951,nan
Tatjana Vorobjova,15.5126625599,nan
Maria Sakkari,16.517453798800002,nan
Despina Papamichail,18.970568104,nan
Jelena Stanivuk,23.9507186858,nan
Mihaela Buzarnescu,23.7399041752,nan
Tiffany Cornelius,23.0444900753,nan
Gabrielle Moxey,18.0999315537,nan
Ferny Angeles Paz,16.1697467488,nan
Gabriela Paz,20.334017795999998,nan
Nabila Farah,16.993839835699998,nan
Noelia Zeballos,17.7467488022,nan
Isabella Robbiani,19.8357289528,nan
Belen Rivera,18.1409993155,nan
Beatriz Maia,15.674195756300001,nan
Natalia Davila,17.7960301164,nan
Hannah En Xin Chew,15.7125256674,nan
Geraldine Ang,14.2477754962,nan
Inna Volkovich,19.2881587953,nan
Saba Aziz,23.1759069131,nan
Nilushi Fernando,17.880903490799998,nan
Roshenka Fernando,19.9041752225,nan
Thisuri Molligoda,14.4229979466,nan
Maika Jae Tanpoco,16.2600958248,nan
Sahar Najaei,15.132101300499999,nan
Marian Jade Capadocia,16.369609856300002,nan
Seyedeh Saadat,19.378507871300002,nan
Isabella Shinikova,20.265571526400002,nan
Tereza Mrdeza,21.210130047899998,nan
Eva Paalma,17.1088295688,nan
Agni Stefanou,22.688569473,nan
Maria Giorgia Farrugia Sacco,14.81724846,nan
Michelle Kerubo Onyancha,15.819301848,nan
Veronica Osogo Nabwire,nan,nan
Melisa Martinov,17.6125941136,nan
Mara Argyriou,15.4414784394,nan
Joanna Nena Savva,16.9911019849,nan
Carita Moolman,17.9603011636,nan
Lesedi Sheya Jacobs,14.5407255305,nan
Justina Mikulskyte,16.1916495551,nan
Liniques Theron,17.281314168399998,nan
Kerstin Gressmann,18.2450376454,nan
Maria Siopacha,15.2854209446,nan
Joselyn Margarita Treyes AlbarracN,14.798083504400001,nan
Paula Castro,17.883641341500002,nan
Anneliese Rose,33.462012320300005,nan
Yolande Leacock,21.2676249144,nan
Luisanna Rodriguez,18.6064339493,nan
Rafaela Gomez,15.0253251198,nan
Karla Portalatin,14.6584531143,nan
Carolina Betancourt,19.0444900753,nan
Ana Sofia Sanchez,18.0095824778,nan
Maria Jose Pintos,14.9733059548,nan
Mariela Haug,14.737850787100001,nan
Marcela Zacarias,18.058863791900002,nan
Sara Quiroga,15.830253251199998,nan
Juli Raventos,16.421629021199998,nan
Ilze Hattingh,15.9835728953,nan
Johanna Hyoty,20.167008898,nan
Ella Leivo,17.7248459959,nan
Vladica Babic,16.4709103354,nan
Hedda Odegaard,17.273100616,nan
Cecilie Lundgaard Melsted,17.193702943199998,nan
Fatyha Berjane,17.4209445585,nan
Yuxuan Zhang,18.4065708419,nan
Nadiya Kichenok,20.5639972621,nan
Courtney Collins,21.9794661191,nan
Paula Cristina Goncalves,22.5434633812,nan
Beatriz Haddad Maia,16.741957563299998,nan
Marta Sirotkina,21.9329226557,nan
Taylor Townsend,16.8815879535,nan
Katerina Siniakova,16.8542094456,nan
Allie Kiick,17.7166324435,nan
Jovana Jaksic,19.5017111567,nan
Michaela Honcova,20.3312799452,nan
Lina Qostal,16.1149897331,nan
Tatjana Maria,25.8015058179,nan
Tereza Smitkova,18.6666666667,nan
Anna Karolina Schmiedlova,18.778918548900002,nan
Maryna Zanevska,19.871321013,nan
Giulia Gatto Monticone,25.6372347707,nan
Agnes Bukta,19.6906228611,nan
Xenia Knoll,20.845995893199998,nan
Lisa Maria Moser,22.2997946612,nan
Elena Bogdan,21.297741273099998,nan
Viktorija Golubic,20.7446954141,nan
Lesley Kerkhove,21.6947296372,nan
Ilona Kremen,19.5071868583,nan
Tereza Martincova,18.7433264887,nan
Kateryna Kozlova,19.4168377823,nan
Veronika Kapshay,26.636550308,nan
Nazrin Jafarova,15.6796714579,nan
Carol Zhao,18.1273100616,nan
Sachia Vickery,18.2943189596,nan
Arina Folts,16.6872005476,nan
Risa Ozaki,19.4168377823,nan
Su Jeong Jang,18.5133470226,nan
Aslina Chua,17.0841889117,nan
Alice Matteucci,17.7741273101,nan
Yafan Wang,19.4004106776,nan
Katherine Gabriela Miranda Chang,18.9815195072,nan
Fernanda Brito,20.9746748802,nan
Camila Giangreco Campiz,16.4490075291,nan
Ana Konjuh,15.1074606434,nan
Margarida Moura,19.518138261500003,nan
Dea Herdzelas,16.2436687201,nan
Joana Vale Costa,17.264887063699998,nan
Jelena Simic,20.9609856263,nan
Cristina Dinu,20.0465434634,nan
Tjasa Srimpf,18.5215605749,nan
Tina Rupert,18.2724161533,nan
Laura Correia,17.1854893908,nan
Emma Hayman,24.9472963723,nan
Emily Fanning,17.6481861739,nan
Jahana Bayramova,15.249828884300001,nan
Eudice Wong Chong,16.7885010267,nan
Rheeya Doshi,16.7830253251,nan
Thi Tam Hao Tran,23.069130732399998,nan
Trang Huynh Phuong Dai,19.5126625599,nan
Guljahan Kadyrova,16.2436687201,nan
Abigail Guthrie,22.6228610541,nan
Marinel Rudas,18.3737166324,nan
Arina Beliaeva,15.4770704997,nan
Theiviya Selvarajoo,18.6283367556,nan
Sabina Korsunova,26.989733059499997,nan
Aldila Sutjiadi,17.7631759069,nan
Sara Mansoor,25.015742642,nan
Alyssa Boey,16.4873374401,nan
Arezou Youlghouni,21.3305954825,nan
Maryam Mazaheri,29.9493497604,nan
Iman Qureshi,15.5455167693,nan
Lidziya Marozava,20.3258042437,nan
Laura Ucros,17.6481861739,nan
Tanja Tuomi,16.9472963723,nan
Julia Matojan,27.6796714579,nan
Jelena Ostapenko,15.8521560575,nan
Erika Hendsel,15.436002737899999,nan
Lynn Kiro,17.691991786400003,nan
Ana Veselinovic,25.144421629,nan
Madrie Le Roux,17.9904175222,nan
Storm Sanders,19.4250513347,nan
Fangzhou Liu,18.0506502396,nan
Anna Lena Friedsam,19.909650924,nan
Peangtarn Plipuech,21.1991786448,nan
Laura Pigossi,19.5455167693,nan
Gabriela Ce,20.9801505818,nan
Tornado Alicia Black,15.789185489400001,nan
Indy De Vroome,17.8206707734,nan
Dalila Jakupovic,23.019849418200003,nan
Magdalena Frech,16.3093771389,nan
Maria Fernanda Herazo Gonzalez,17.0431211499,nan
Eri Hozumi,20.1533196441,nan
Gioia Barbieri,22.784394250500004,nan
Rita Atik,16.4955509925,nan
Antonia Lottner,17.7631759069,nan
Fiona Ferro,17.2046543463,nan
Amandine Hesse,21.3552361396,nan
Cristina Andreea Mitu,22.7515400411,nan
Yvonne Neuwirth,21.921971252600002,nan
Ana Bogdan,21.6125941136,nan
Ipek Soylu,18.2450376454,nan
Elizaveta Kulichkova,18.2532511978,nan
Gabriela Dabrowski,22.2833675565,nan
Ksenia Gaydarzhi,19.446954141,nan
Misa Eguchi,22.2559890486,nan
Naomi Osaka,16.7802874743,nan
Francoise Abanda,17.472963723499998,nan
Hiroko Kuwata,23.608487337399996,nan
Danielle Rose Collins,20.698151950699998,nan
Barbora Krejcikova,18.7241615332,nan
Sanaz Marand,26.2149212868,nan
Lin Zhu,20.610540725499998,nan
Kai Lin Zhang,24.6105407255,nan
Na Lae Han,22.1930184805,nan
Shilin Xu,16.717316906199997,nan
Miharu Imanishi,22.379192334000003,nan
Denisa Allertova,21.601642710500002,nan
Darya Kasatkina,17.4346338125,nan
Katy Dunne,19.3100616016,nan
Nina Zander,24.3093771389,nan
Catherine Cartan Bellis,15.381245722100001,nan
Veronika Kudermetova,16.7802874743,nan
Victoria Kan,18.5051334702,nan
Charlotte Roemer,20.0711841205,nan
Iesha Shepherd,14.932238193,nan
Vita Taher,18.453114305299998,nan
Deria Nur Haliza,16.6570841889,nan
Chia Hsien Yang,19.8220396988,nan
Sharon Pesch,16.8678986995,nan
Borislava Botusharova,19.1841204654,nan
Viktoriya Tomova,18.9404517454,nan
Khanh Phi Huynh,19.151266256,nan
Medhira Samarasinghe,15.0006844627,nan
Nethmi Himashi Waduge,15.485284052,nan
Alina Lazareva,17.8590006845,nan
Halla Alajeely,14.8199863107,nan
Ghada Alajeely,16.0711841205,nan
Sahar Amini Hajibashi,25.6947296372,nan
Ankita Raina,21.0622861054,nan
Sadaf Sadeghvaziri,14.5270362765,nan
Ani Safaryan,15.9041752225,nan
Lusine Chobanyan,15.7973990418,nan
Valentini Grammatikopoulou,16.9828884326,nan
Anastasia Detiuc,15.1403148528,nan
Eliza Omirou,14.444900752899999,nan
Ida Seljevoll Skancke,16.2546201232,nan
Melanie Stokke,17.341546885699998,nan
Nantenaina Ramalalaharivololona,26.5708418891,nan
Sandra Andriamarosoa,21.8097193703,nan
Jane Fennelly,19.1786447639,nan
Katrina Sammut,14.3655030801,nan
Anna Soffia Gronholm,14.6611909651,nan
Hjordis Rosa Gudmundsdottir,15.5811088296,nan
Hera Brynjarsdottir,16.202600958199998,nan
Ghazal Pakbaten,15.4168377823,nan
Tami Grende,16.6187542779,nan
Andria Tsaggaridou,16.9472963723,nan
Gabriela Porubin,19.6824093087,nan
Ofri Lankri,22.6009582478,nan
Szabina Szlavikovics,18.4339493498,nan
Melis Sezer,20.6926762491,nan
Camila Ramazzini,17.1143052704,nan
Karla Contreras,15.203285420899999,nan
Daniela Diez,16.9582477755,nan
Daniela Seguel,21.3908281999,nan
Kiana Marshall,16.4791238877,nan
Melena Lopez,17.697467488,nan
Ancia Ifill,20.3915126626,nan
Daniela Ruiz,16.9226557153,nan
Camila Vargas Gomez,16.2272416153,nan
Tyler Smith,17.3826146475,nan
Magdalena Boado,17.5277207392,nan
Margot Mercier,17.5249828884,nan
Ariana Rahmanparast,17.2703627652,nan
Ariana Rodriguez,18.1957563313,nan
Cayla Cross,22.496919917899998,nan
Nikoleta Bulatovic,16.3504449008,nan
Tamara Bojanic,15.1540041068,nan
Akvile Parazinskaite,17.3716632444,nan
Nina Kalezic,17.3552361396,nan
Sandra Samir,16.4407939767,nan
Natasha Fourouclas,20.1998631075,nan
Natalia Vikhlyantseva,17.883641341500002,nan
Oceane Dodin,18.2368240931,nan
Klaartje Liebens,20.0793976728,nan
Sara Sorribes Tormo,18.3572895277,nan
Louisa Chirico,18.7734428474,nan
Marie Bouzkova,16.594113620799998,nan
Paula Badosa,17.3497604381,nan
Maria Paulina Perez Garcia,19.2553045859,nan
Cindy Burger,22.379192334000003,nan
Marina Melnikova,26.2012320329,nan
Kristina Schmiedlova,17.722108145099998,nan
Manon Arcangioli,20.7392197125,nan
Katie Swan,16.2272416153,nan
Harriet Dart,18.8993839836,nan
Ysaline Bonaventure,20.8706365503,nan
Susanne Celik,20.5995893224,nan
Patricia Maria Tig,20.9609856263,nan
Carolina Meligeni Rodrigues Alves,19.258042436700002,nan
Luisa Stefani,17.9630390144,nan
Quirine Lemoine,23.5865845311,nan
Olga Ianchuk,20.3285420945,nan
Oleksandra Korashvili,19.4031485284,nan
Zuleykha Safarova,15.6632443532,nan
Zhaoxuan Yang,20.4544832307,nan
Sofia Kenin,16.7939767283,nan
Mayo Hibi,19.40862423,nan
Jamie Loeb,20.481861738499997,nan
Nao Hibino,20.7939767283,nan
Nicole Melichar,22.146475017100002,nan
Anhelina Kalinina,18.636550308,nan
Irina Ramialison,24.342231348400002,nan
Miyu Kato,20.889801505799998,nan
Anastasiya Komardina,18.2614647502,nan
Tessah Andrianjafitrimo,17.021218343599998,nan
Ji Hee Choi,19.9780971937,nan
Eleonora Molinaro,14.412046543499999,nan
Lauren Deegan,17.1854893908,nan
Ivana Jorovic,17.7522245038,nan
Mariam Bolkvadze,17.0869267625,nan
Anna Bondar,17.6865160849,nan
Julia Grabher,18.587268993800002,nan
Aymet Uzcategui,19.1731690623,nan
Ines Ibbou,16.2683093771,nan
Kristina Samardzic,18.1409993155,nan
Magdalena Stoilkovska,19.0006844627,nan
Lina Gjorcheska,20.6926762491,nan
Abigail Tere Apisah,22.7488021903,nan
Angeline Devi Devanthiran,18.9486652977,nan
Steffi Carruthers,21.8863791923,nan
Yus Syazlin Nabila Binti Yusri,17.0924024641,nan
Sara Amini,17.5496235455,nan
Saara Kunakunova,14.2532511978,nan
Eliza Askarova,14.9897330595,nan
Katharina Lehnert,21.1471594798,nan
Priscilla Hon,17.6536618754,nan
Kimberly Birrell,17.7029431896,nan
Maddison Inglis,17.9904175222,nan
Tammi Patterson,26.0205338809,nan
Pei Chi Lee,21.314168377799998,nan
Ching Wen Hsu,19.4715947981,nan
Sherazad Reix,26.850102669400002,nan
Ayaka Okuno,20.6351813826,nan
Jennifer Brady,20.845995893199998,nan
Victoria Rodriguez,20.8377823409,nan
Sofya Zhuk,16.3039014374,nan
Frances Altick,22.1136208077,nan
Ekaterina Alexandrova,21.385352498299998,nan
Jesika Maleckova,21.6344969199,nan
Vera Lapko,17.5140314853,nan
Valeriya Strakhova,20.8213552361,nan
Anastasiya Shoshyna,18.3436002738,nan
Catalina Pella,23.1923340178,nan
Anne Schaefer,29.1143052704,nan
Chloe Paquet,21.7796030116,nan
Nadia Echeverria Alam,21.2402464066,nan
Emiliana Arango,15.3675564682,nan
Dayana Yastremska,15.9260780287,nan
Ayla Aksu,19.7590691307,nan
Marketa Vondrousova,16.8268309377,nan
Anna Blinkova,17.6235455168,nan
Ghita Benhadi,18.190280629700002,nan
Claudia Giovine,25.8097193703,nan
Katharina Gerlach,18.2368240931,nan
Mira Antonitsch,17.415468856900002,nan
Olga Fridman,17.6262833676,nan
Katharina Hobgarski,18.9103353867,nan
Jil Belen Teichmann,18.8364134155,nan
Myrtille Georges,25.4209445585,nan
Marine Partaud,21.5550992471,nan
Tena Lukas,21.0568104038,nan
Freya Christie,18.5763175907,nan
Elise Mertens,20.553045859,nan
Dalma Galfi,17.8151950719,nan
Polina Leykina,21.8069815195,nan
Nadia Podoroska,19.4140999316,nan
Elena Gabriela Ruse,18.6776180698,nan
Ioana Minca,17.787816564,nan
Rebeka Masarova,16.9308692676,nan
Cornelia Lister,22.146475017100002,nan
Maria Mateas,16.993839835699998,nan
Usue Maitane Arconada,17.722108145099998,nan
Aleksandrina Naydenova,24.421629021199998,nan
Renata Zarazua,18.8364134155,nan
Martina Capurro Taborda,18.658453114300002,nan
Jia Jing Lu,26.702258726900002,nan
Ying Zhang,20.295687885,nan
Wushuang Zheng,17.6728268309,nan
Kayla Day,16.900752909,nan
Ellen Perez,20.887063655,nan
Xiaodi You,20.3175906913,nan
Cristiana Ferrando,21.1115674196,nan
Fang Ying Xun,21.6810403833,nan
Kwan Yau Ng,19.5811088296,nan
Danielle Lao,25.2950034223,nan
Barbora Stefkova,21.4428473648,nan
Olesya Pervushina,16.3915126626,nan
Komola Umarova,16.9281314168,nan
Nina Stojanovic,20.1971252567,nan
Anna Kalinskaya,17.8754277892,nan
Tamara Korpatsch,21.5112936345,nan
Rebecca Sramkova,20.0711841205,nan
Kyoka Okamura,21.1088295688,nan
Riko Sawayanagi,22.056125941100003,nan
Jacqueline Cako,25.2292950034,nan
Akiko Omae,23.811088295700003,nan
Fanny Stollar,18.0260095825,nan
Michaela Gordon,17.325119780999998,nan
Nan Nan Zhang,24.870636550300002,nan
Ingrid Neel,18.4339493498,nan
Anastasia Iamachkine,15.3867214237,nan
Dominique Schaefer,17.067761807,nan
Maria Camila Osorio Serrano,14.110882956900001,nan
Camila Romero,17.325119780999998,nan
Julieanne Bou,15.65229295,nan
Florencia Rossi,17.6481861739,nan
Daniela Obando,18.0506502396,nan
Alejandra Obando,21.7467488022,nan
Penelope Abreu,16.3750855578,nan
Khim Iglupas,17.6344969199,nan
Charmaine Shi Yi Seah,16.125941136199998,nan
Mayka Zima,24.0,nan
Nazli Nader Redha,14.9979466119,nan
Maram Mohamed Sharif,14.7433264887,nan
Man Ying Maggie Ng,20.038329910999998,nan
Sara Amiri,18.9514031485,nan
Vitalia Stamat,15.2607802875,nan
Adriana Sosnovschi,18.250513347000002,nan
Katarina Marinkovikj,16.933607118399998,nan
Eleni Christofi,17.6728268309,nan
Zarah Razafimahatratra,21.6317590691,nan
Anja Draskovic,15.143052703599999,nan
Anna Bowtell,16.6899383984,nan
Jennifer Timotin,16.4325804244,nan
Chiraz Bechri,17.7193702943,nan
Anna Savchenko,17.5195071869,nan
Zaineb El Houari,17.7713894593,nan
Diae El Jardi,15.4934976044,nan
Lynda Benkaddour,15.0855578371,nan
Arlinda Rushiti,17.0431211499,nan
Edita Raca,27.7371663244,nan
Emilie Francati,18.7980835044,nan
Gerda Zykute,16.9637234771,nan
Paulina Bakaite,nan,nan
Dona Abo Habaga,19.665982204000002,nan
Milka Emilia Pasanen,18.8637919233,nan
Mia Nicole Eklund,21.4483230664,nan
Jade Lewis,18.0424366872,nan
Destanee Aiava,16.6488706366,nan
Jana Fett,20.186173853499998,nan
Lizette Cabrera,19.0581793292,nan
Jaimee Fourlis,17.314168377799998,nan
Aryna Sabalenka,18.7980835044,nan
Katarina Zavatska,17.0622861054,nan
Amanda Anisimova,15.550992470899999,nan
Alyssa Mayo,17.1635865845,nan
Shiho Akita,27.2443531828,nan
Hanyu Guo,18.9158110883,nan
Jia Qi Kang,19.7453798768,nan
Viktoria Kamenskaya,25.4099931554,nan
Deborah Chiesa,20.9199178645,nan
Lena Rueffer,18.746064339500002,nan
Anna Zaja,25.9082819986,nan
Olga Saez Larra,22.71321013,nan
Ana Biskic,17.9082819986,nan
Tamara Zidansek,19.4414784394,nan
Petra Krejsova,26.9514031485,nan
Katie Boulter,20.9199178645,nan
Bianca Andreescu,17.0458590007,nan
Anastasia Potapova,16.2600958248,nan
Jaqueline Adina Cristian,19.1156741958,nan
Irina Maria Bara,22.3326488706,nan
Martina Trevisan,23.7015742642,nan
Mirjam Bjorklund,18.9869952088,nan
Jasmine Paolini,21.5523613963,nan
Xinyu Gao,19.6714579055,nan
Caroline Dolehide,18.9021218344,nan
Claire Liu,17.18275154,nan
Brienne Minor,19.7563312799,nan
Ashley Kratzer,18.5516769336,nan
Viktoria Kuzmova,19.2991101985,nan
Meiling Wang,17.533196440799998,nan
Beatrice Gumulya,26.674880219000002,nan
Yue Yuan,26.1848049281,nan
Charlotte Robillard Millette,18.6639288159,nan
Bernarda Pera,22.7926078029,nan
Karolina Muchova,21.0759753593,nan
Alexa Guarachi,26.893908281999998,nan
Xiyu Wang,16.5338809035,nan
Elena Rybakina,18.3326488706,nan
Polina Monova,24.5284052019,nan
Emina Bektas,24.605065024,nan
Chompoothip Jandakate,22.009582477800002,nan
Yanin Wisitwarapron,17.620807665999997,nan
Jessika Ponchet,21.1115674196,nan
Olga Danilovic,16.785763175899998,nan
Taysia Rogers,17.368925393599998,nan
Haruka Kaji,23.1540041068,nan
Katherine Sebov,18.874743326500003,nan
Ayano Shimizu,19.6112251882,nan
Deniz Khazaniuk,23.074606433899998,nan
Zeel Desai,18.7542778919,nan
Karman Thandi,19.430527036300003,nan
Xin Yu Wang,16.3039014374,nan
Marta Kostyuk,15.550992470899999,nan
Georgina Garcia Perez,25.7713894593,nan
Panna Udvardy,19.394934976,nan
Whitney Osuigwe,15.920602327200001,nan
Francesca Di Lorenzo,20.6954140999,nan
Mai Minokoshi,25.9986310746,nan
Ipek Oz,18.7926078029,nan
Olivia Tjandramulia,20.9691991786,nan
Nagi Hanatani,23.1485284052,nan
Xinyu Jiang,19.1594798084,nan
Nika Kukharchuk,31.2224503765,nan
Natalija Kostic,23.7645448323,nan
Qianhui Tang,17.6344969199,nan
Camilla Rosatello,22.962354551700003,nan
Dejana Radanovic,22.0177960301,nan
Isabelle Wallace,21.7193702943,nan
Naiktha Bains,20.4654346338,nan
Lea Boskovic,18.702258726900002,nan
Gabriella Taylor,20.2628336756,nan
Andreea Amalia Rosca,19.3237508556,nan
Miriam Bianca Bulgaru,19.770020533900002,nan
Leonie Kung,17.733059548299998,nan
En Shuo Liang,17.8042436687,nan
Momoko Kobori,19.917864476400002,nan
Harmony Tan,20.9582477755,nan
Robin Anderson,25.393566050700002,nan
Leylah Annie Fernandez,16.010951403099998,nan
Sohyun Park,16.2108145106,nan
Pranjala Yadlapalli,19.5838466804,nan
Audrey Albie,24.0328542094,nan
Michaela Haet,19.7481177276,nan
Bianca Turati,21.4045174538,nan
Ellie Halbauer,21.341546885699998,nan
Ann Li,18.379192334000003,nan
Joanna Garland,17.325119780999998,nan
